transaction_id,store_id,store_name,date,product_id,product_name,quantity,unit_price,total,customer_id,promo_code
1629,1,Downtown,2025-11-14,508,Tape,4,2.25,9.0,2088,WELCOME
1632,2,Suburb,2025-06-11,502,Pen,8,0.8,6.4,2023,SAVE20
1742,2,Suburb,2025-12-06,510,Eraser,3,0.5,1.5,2018,WELCOME
1515,1,Downtown,2025-03-31,501,Notebook,3,3.5,10.5,2021,WELCOME
1366,2,Suburb,2025-06-07,507,Scissors,9,4.5,40.5,2091,
1657,3,Airport,2025-03-29,506,Highlighter,8,0.9,7.2,2035,
1658,3,Airport,2025-02-17,506,Highlighter,3,0.9,2.7,2052,WELCOME
1531,4,Mall,2025-08-03,501,Notebook,3,3.5,10.5,2012,DISC10
1322,5,University,2025-06-17,506,Highlighter,4,0.9,3.6,2064,
1071,2,Suburb,2025-07-30,505,Marker,3,1.75,5.25,2014,WELCOME
1794,1,Downtown,2025-06-25,509,Glue,3,1.8,5.4,2046,DISC5
1372,3,Airport,2025-03-26,509,Glue,8,1.8,14.4,2027,
1987,4,Mall,2025-12-24,502,Pen,8,0.8,6.4,2083,
1457,2,Suburb,2025-09-22,509,Glue,3,1.8,5.4,2055,WELCOME
1248,4,Mall,2025-01-22,510,Eraser,4,0.5,2.0,2061,
1758,3,Airport,2025-12-05,502,Pen,4,0.8,3.2,2061,
1752,2,Suburb,2025-05-24,503,Stapler,3,5.25,15.75,2078,
1984,1,Downtown,2025-08-30,502,Pen,7,0.8,5.6,2055,WELCOME
1299,4,Mall,2025-04-06,509,Glue,7,1.8,12.6,2016,SAVE20
1102,2,Suburb,2025-07-27,508,Tape,3,2.25,6.75,2069,DISC10
1211,4,Mall,2025-05-31,509,Glue,10,1.8,18.0,2090,DISC10
1602,1,Downtown,2025-05-02,508,Tape,5,2.25,11.25,2003,SAVE20
1214,3,Airport,2025-06-10,506,Highlighter,3,0.9,2.7,2061,DISC10
1238,5,University,2025-08-12,507,Scissors,9,4.5,40.5,2040,
1595,1,Downtown,2025-02-04,507,Scissors,9,4.5,40.5,2042,
1282,2,Suburb,2025-06-20,501,Notebook,6,3.5,21.0,2083,DISC5
1378,2,Suburb,2025-04-03,507,Scissors,6,4.5,27.0,2049,WELCOME
1287,3,Airport,2025-12-02,505,Marker,2,1.75,3.5,2056,WELCOME
1389,5,University,2025-10-13,503,Stapler,7,5.25,36.75,2007,SAVE20
1887,4,Mall,2025-10-23,502,Pen,1,0.8,0.8,2043,SAVE20
1899,4,Mall,2025-11-12,510,Eraser,3,0.5,1.5,2030,DISC5
1852,4,Mall,2025-03-03,504,Folder,1,1.2,1.2,2075,
1097,3,Airport,2025-07-28,509,Glue,8,1.8,14.4,2027,
1245,5,University,2025-05-21,501,Notebook,6,3.5,21.0,2040,WELCOME
1738,5,University,2025-01-16,510,Eraser,7,0.5,3.5,2028,DISC10
1077,4,Mall,2025-06-10,510,Eraser,9,0.5,4.5,2074,DISC5
1901,2,Suburb,2025-11-14,505,Marker,1,1.75,1.75,2015,SAVE20
1210,5,University,2025-11-21,509,Glue,6,1.8,10.8,2077,
1260,3,Airport,2025-01-20,510,Eraser,3,0.5,1.5,2020,DISC5
1159,2,Suburb,2025-10-10,507,Scissors,4,4.5,18.0,2066,
1496,2,Suburb,2025-08-05,508,Tape,2,2.25,4.5,2012,
1528,5,University,2025-04-11,504,Folder,3,1.2,3.6,,WELCOME
1332,4,Mall,2025-06-20,509,Glue,8,1.8,14.4,2066,DISC5
1980,1,Downtown,2025-08-14,505,Marker,3,1.75,5.25,2015,DISC10
1315,4,Mall,2025-10-20,510,Eraser,1,0.5,0.5,2081,
1295,1,Downtown,2025-08-13,503,Stapler,2,5.25,10.5,2083,SAVE20
1382,4,Mall,2025-09-30,504,Folder,4,1.2,4.8,2020,SAVE20
1924,5,University,2025-03-10,510,Eraser,8,0.5,4.0,2048,DISC5
1810,4,Mall,2025-08-04,503,Stapler,9,5.25,47.25,2041,
1896,2,Suburb,2025-05-07,502,Pen,5,0.8,4.0,2042,
1623,5,University,2025-01-19,510,Eraser,4,0.5,2.0,2092,DISC5
1721,1,Downtown,2025-11-07,505,Marker,8,1.75,14.0,2085,DISC10
1060,3,Airport,2025-10-06,510,Eraser,9,0.5,4.5,,
1627,3,Airport,2025-04-25,507,Scissors,6,4.5,27.0,2075,SAVE20
1560,2,Suburb,2025-10-16,508,Tape,9,2.25,20.25,2063,DISC10
1747,1,Downtown,2025-06-15,509,Glue,5,1.8,9.0,2034,
1381,1,Downtown,2025-01-02,505,Marker,8,1.75,14.0,2070,WELCOME
1055,5,University,2025-08-03,510,Eraser,9,0.5,4.5,2034,DISC5
1024,3,Airport,2025-10-18,504,Folder,8,1.2,9.6,2083,WELCOME
1031,3,Airport,2025-01-02,509,Glue,3,1.8,5.4,2014,
1880,1,Downtown,2025-07-23,501,Notebook,5,3.5,17.5,2067,DISC5
1430,4,Mall,2025-08-09,509,Glue,9,1.8,16.2,2014,DISC10
1011,1,Downtown,2025-11-24,501,Notebook,5,3.5,17.5,2018,
1656,1,Downtown,2025-03-01,501,Notebook,1,3.5,3.5,2085,
1885,5,University,2025-07-24,504,Folder,2,1.2,2.4,2062,DISC5
1483,4,Mall,2025-12-13,508,Tape,3,2.25,6.75,2035,
1446,4,Mall,2025-10-26,509,Glue,9,1.8,16.2,2089,WELCOME
1200,5,University,2025-03-06,504,Folder,2,1.2,2.4,2071,DISC5
1501,5,University,2025-03-05,507,Scissors,6,4.5,27.0,2041,
1930,5,University,2025-10-02,501,Notebook,9,3.5,31.5,2059,
1108,5,University,2025-01-11,503,Stapler,4,5.25,21.0,2086,DISC10
1219,2,Suburb,2025-04-19,508,Tape,4,2.25,9.0,2045,
1421,1,Downtown,2025-07-23,505,Marker,3,1.75,5.25,2073,
1175,5,University,2025-07-15,504,Folder,8,1.2,9.6,2019,DISC5
1723,3,Airport,2025-10-07,503,Stapler,5,5.25,26.25,2094,
1520,5,University,2025-02-22,502,Pen,4,0.8,3.2,2001,DISC10
1454,5,University,2025-04-16,508,Tape,6,2.25,13.5,2057,
1933,3,Airport,2025-06-05,508,Tape,3,2.25,6.75,2079,DISC10
1040,1,Downtown,2025-02-06,504,Folder,2,1.2,2.4,2043,DISC10
1553,4,Mall,2025-07-03,509,Glue,8,1.8,14.4,2073,
1823,2,Suburb,2025-02-10,503,Stapler,7,5.25,36.75,2009,WELCOME
1352,3,Airport,2025-07-31,508,Tape,2,2.25,4.5,2018,DISC10
1067,2,Suburb,2025-10-10,507,Scissors,3,4.5,13.5,,SAVE20
1278,1,Downtown,2025-12-07,509,Glue,6,1.8,10.8,2068,
1068,3,Airport,2025-01-21,504,Folder,4,1.2,4.8,2046,
1910,1,Downtown,2025-12-31,501,Notebook,4,3.5,14.0,2040,SAVE20
1821,5,University,2025-07-05,509,Glue,8,1.8,14.4,2024,
1644,5,University,2025-10-01,501,Notebook,10,3.5,35.0,2085,DISC10
1297,3,Airport,2025-07-09,508,Tape,2,2.25,4.5,2068,SAVE20
1803,1,Downtown,2025-08-23,509,Glue,8,1.8,14.4,2002,DISC10
1600,4,Mall,2025-11-08,501,Notebook,3,3.5,10.5,2019,
1951,5,University,2025-12-21,510,Eraser,9,0.5,4.5,2059,
1558,2,Suburb,2025-03-30,504,Folder,10,1.2,12.0,2095,
1424,3,Airport,2025-02-08,510,Eraser,10,0.5,5.0,2051,
1760,5,University,2025-04-04,509,Glue,5,1.8,9.0,2088,SAVE20
1313,5,University,2025-12-04,510,Eraser,6,0.5,3.0,2073,DISC10
1185,2,Suburb,2025-08-01,504,Folder,3,1.2,3.6,2047,
1333,5,University,2025-06-17,506,Highlighter,3,0.9,2.7,2079,
1089,2,Suburb,2025-07-24,503,Stapler,1,5.25,5.25,2099,DISC10
1064,4,Mall,2025-11-21,505,Marker,1,1.75,1.75,,
1834,3,Airport,2025-09-02,501,Notebook,7,3.5,24.5,2077,DISC5
1576,2,Suburb,2025-12-18,503,Stapler,8,5.25,42.0,2005,SAVE20
1216,5,University,2025-03-08,501,Notebook,10,3.5,35.0,2072,SAVE20
1606,5,University,2025-09-06,506,Highlighter,1,0.9,0.9,2021,DISC10
1550,5,University,2025-11-11,510,Eraser,4,0.5,2.0,2064,WELCOME
1291,3,Airport,2025-06-01,508,Tape,10,2.25,22.5,2022,
1790,4,Mall,2025-10-16,504,Folder,6,1.2,7.2,2059,
1891,4,Mall,2025-12-11,508,Tape,10,2.25,22.5,2012,DISC5
1969,5,University,2025-11-17,503,Stapler,10,5.25,52.5,2024,
1946,4,Mall,2025-08-21,508,Tape,2,2.25,4.5,2001,DISC5
1744,3,Airport,2025-09-05,501,Notebook,4,3.5,14.0,2030,DISC10
1683,5,University,2025-04-01,503,Stapler,3,5.25,15.75,2085,
1696,1,Downtown,2025-12-21,507,Scissors,7,4.5,31.5,2088,SAVE20
1995,4,Mall,2025-08-09,510,Eraser,6,0.5,3.0,2031,DISC5
1310,2,Suburb,2025-06-15,506,Highlighter,9,0.9,8.1,2011,SAVE20
1087,1,Downtown,2025-01-13,504,Folder,8,1.2,9.6,2099,DISC10
1731,3,Airport,2025-04-10,508,Tape,8,2.25,18.0,2085,SAVE20
1517,1,Downtown,2025-05-18,501,Notebook,6,3.5,21.0,2035,
1311,5,University,2025-04-11,505,Marker,3,1.75,5.25,2079,
1592,1,Downtown,2025-03-17,508,Tape,3,2.25,6.75,2022,DISC5
1137,2,Suburb,2025-04-17,505,Marker,2,1.75,3.5,2023,
1875,5,University,2025-11-23,506,Highlighter,8,0.9,7.2,2055,DISC10
1466,4,Mall,2025-09-19,507,Scissors,10,4.5,45.0,2050,WELCOME
1853,4,Mall,2025-12-20,510,Eraser,3,0.5,1.5,2012,DISC5
1262,2,Suburb,2025-12-13,508,Tape,10,2.25,22.5,2096,
1487,5,University,2025-02-02,507,Scissors,4,4.5,18.0,2028,WELCOME
1169,3,Airport,2025-02-11,509,Glue,7,1.8,12.6,2081,
1955,5,University,2025-04-18,501,Notebook,2,3.5,7.0,2081,
1448,3,Airport,2025-05-08,503,Stapler,10,5.25,52.5,,
1140,1,Downtown,2025-08-21,504,Folder,5,1.2,6.0,2081,
1685,3,Airport,2025-05-08,507,Scissors,6,4.5,27.0,2058,
1666,4,Mall,2025-05-08,506,Highlighter,7,0.9,6.3,2072,
1883,1,Downtown,2025-02-18,508,Tape,6,2.25,13.5,2034,SAVE20
1441,5,University,2025-09-09,504,Folder,6,1.2,7.2,2051,SAVE20
1708,3,Airport,2025-02-28,508,Tape,4,2.25,9.0,2079,
1533,1,Downtown,2025-10-25,509,Glue,3,1.8,5.4,2051,DISC10
1056,3,Airport,2025-12-09,504,Folder,5,1.2,6.0,2086,
1121,5,University,2025-01-06,504,Folder,2,1.2,2.4,2053,WELCOME
1530,1,Downtown,2025-06-21,507,Scissors,5,4.5,22.5,2068,DISC5
1026,4,Mall,2025-10-27,510,Eraser,7,0.5,3.5,2018,
1073,2,Suburb,2025-06-06,504,Folder,1,1.2,1.2,2052,SAVE20
1045,2,Suburb,2025-04-09,509,Glue,8,1.8,14.4,2024,SAVE20
1250,5,University,2025-02-13,503,Stapler,1,5.25,5.25,2057,WELCOME
1395,4,Mall,2025-05-18,510,Eraser,10,0.5,5.0,,DISC10
1704,3,Airport,2025-02-07,509,Glue,4,1.8,7.2,2067,DISC10
1916,3,Airport,2025-11-06,508,Tape,9,2.25,20.25,2084,DISC5
1973,4,Mall,2025-01-13,509,Glue,3,1.8,5.4,2062,
1199,2,Suburb,2025-12-06,510,Eraser,1,0.5,0.5,2043,DISC5
1542,2,Suburb,2025-05-14,501,Notebook,7,3.5,24.5,2072,
1356,1,Downtown,2025-04-01,507,Scissors,8,4.5,36.0,2096,
1324,4,Mall,2025-09-16,504,Folder,4,1.2,4.8,2007,DISC10
1859,5,University,2025-04-08,503,Stapler,9,5.25,47.25,2094,WELCOME
1729,1,Downtown,2025-05-29,505,Marker,2,1.75,3.5,2075,WELCOME
1236,1,Downtown,2025-05-29,507,Scissors,1,4.5,4.5,2022,
1989,4,Mall,2025-07-06,503,Stapler,6,5.25,31.5,2042,WELCOME
1949,5,University,2025-01-17,510,Eraser,5,0.5,2.5,2012,DISC10
1943,2,Suburb,2025-05-28,502,Pen,3,0.8,2.4,2001,
1907,3,Airport,2025-12-06,502,Pen,1,0.8,0.8,2084,WELCOME
1300,4,Mall,2025-05-14,504,Folder,10,1.2,12.0,2063,DISC5
1061,3,Airport,2025-10-11,502,Pen,3,0.8,2.4,2014,
1328,3,Airport,2025-10-11,502,Pen,7,0.8,5.6,2098,
1529,2,Suburb,2025-01-13,509,Glue,6,1.8,10.8,2089,DISC10
1944,1,Downtown,2025-05-10,508,Tape,8,2.25,18.0,2070,
1543,2,Suburb,2025-10-09,502,Pen,8,0.8,6.4,2018,DISC10
1651,5,University,2025-01-21,508,Tape,4,2.25,9.0,2062,SAVE20
1867,2,Suburb,2025-09-06,502,Pen,1,0.8,0.8,2050,
1598,1,Downtown,2025-10-26,502,Pen,10,0.8,8.0,2037,
1544,1,Downtown,2025-01-07,504,Folder,3,1.2,3.6,2052,SAVE20
1784,4,Mall,2025-06-30,507,Scissors,10,4.5,45.0,2002,
1306,4,Mall,2025-07-23,509,Glue,7,1.8,12.6,2074,DISC10
1319,4,Mall,2025-06-26,503,Stapler,6,5.25,31.5,2014,SAVE20
1482,2,Suburb,2025-12-26,504,Folder,3,1.2,3.6,2032,
1494,1,Downtown,2025-02-18,504,Folder,8,1.2,9.6,2076,DISC5
1266,2,Suburb,2025-11-06,505,Marker,1,1.75,1.75,2048,
1111,4,Mall,2025-10-22,507,Scissors,4,4.5,18.0,2089,
1469,2,Suburb,2025-09-06,504,Folder,7,1.2,8.4,2065,
1712,3,Airport,2025-04-09,509,Glue,2,1.8,3.6,2022,
1527,4,Mall,2025-05-05,506,Highlighter,10,0.9,9.0,2099,
1257,1,Downtown,2025-09-27,507,Scissors,9,4.5,40.5,2047,SAVE20
1261,5,University,2025-04-03,503,Stapler,8,5.25,42.0,,SAVE20
1546,2,Suburb,2025-02-03,508,Tape,3,2.25,6.75,2043,DISC10
1406,5,University,2025-03-13,508,Tape,3,2.25,6.75,2070,
1429,4,Mall,2025-06-07,506,Highlighter,5,0.9,4.5,2012,DISC5
1630,3,Airport,2025-09-29,507,Scissors,1,4.5,4.5,2020,DISC5
1502,2,Suburb,2025-03-13,505,Marker,2,1.75,3.5,2077,
1433,2,Suburb,2025-10-14,510,Eraser,9,0.5,4.5,2049,DISC5
1825,5,University,2025-05-15,503,Stapler,2,5.25,10.5,2050,SAVE20
1138,2,Suburb,2025-02-08,501,Notebook,7,3.5,24.5,2077,WELCOME
1358,4,Mall,2025-05-26,509,Glue,9,1.8,16.2,2018,
1932,4,Mall,2025-10-13,509,Glue,1,1.8,1.8,2057,WELCOME
1222,3,Airport,2025-12-22,501,Notebook,3,3.5,10.5,2098,SAVE20
1756,1,Downtown,2025-09-20,510,Eraser,3,0.5,1.5,2034,DISC5
1596,5,University,2025-05-22,508,Tape,1,2.25,2.25,2080,
1559,5,University,2025-07-03,501,Notebook,6,3.5,21.0,2073,DISC5
1364,4,Mall,2025-05-01,505,Marker,6,1.75,10.5,2093,
1590,4,Mall,2025-10-02,510,Eraser,4,0.5,2.0,2011,WELCOME
1209,3,Airport,2025-02-11,510,Eraser,3,0.5,1.5,2036,
1781,3,Airport,2025-09-23,504,Folder,1,1.2,1.2,2066,
1335,5,University,2025-12-29,505,Marker,8,1.75,14.0,2048,SAVE20
1211,4,Mall,2025-05-31,509,Glue,10,1.8,18.0,2090,DISC10
1351,1,Downtown,2025-05-05,509,Glue,4,1.8,7.2,2007,DISC10
1079,2,Suburb,2025-12-10,506,Highlighter,7,0.9,6.3,2086,SAVE20
1030,3,Airport,2025-10-02,506,Highlighter,2,0.9,1.8,2021,WELCOME
1281,3,Airport,2025-02-04,504,Folder,2,1.2,2.4,2095,
1508,5,University,2025-01-09,502,Pen,1,0.8,0.8,2006,DISC10
1707,5,University,2025-11-13,508,Tape,9,2.25,20.25,2084,DISC10
1878,4,Mall,2025-07-10,507,Scissors,6,4.5,27.0,2073,
1290,5,University,2025-04-03,505,Marker,6,1.75,10.5,2042,
1166,5,University,2025-09-15,506,Highlighter,2,0.9,1.8,2057,DISC10
1938,2,Suburb,2025-12-31,502,Pen,2,0.8,1.6,2058,
1498,2,Suburb,2025-03-10,502,Pen,9,0.8,7.2,2079,
1463,1,Downtown,2025-10-28,506,Highlighter,6,0.9,5.4,2080,DISC5
1066,1,Downtown,2025-01-05,502,Pen,3,0.8,2.4,2048,
1142,2,Suburb,2025-05-17,502,Pen,1,0.8,0.8,2040,
1276,1,Downtown,2025-10-02,509,Glue,10,1.8,18.0,2019,SAVE20
1835,5,University,2025-01-04,506,Highlighter,4,0.9,3.6,2072,WELCOME
1584,2,Suburb,2025-04-16,505,Marker,2,1.75,3.5,2015,SAVE20
1465,2,Suburb,2025-03-02,505,Marker,2,1.75,3.5,2089,DISC5
1670,4,Mall,2025-08-24,510,Eraser,8,0.5,4.0,2064,WELCOME
1320,4,Mall,2025-05-04,502,Pen,5,0.8,4.0,2019,DISC10
1661,4,Mall,2025-10-19,503,Stapler,10,5.25,52.5,2046,
1307,3,Airport,2025-03-06,502,Pen,8,0.8,6.4,2067,SAVE20
1308,5,University,2025-03-07,510,Eraser,3,0.5,1.5,2017,WELCOME
1828,4,Mall,2025-09-01,509,Glue,5,1.8,9.0,2018,
1334,5,University,2025-06-03,506,Highlighter,9,0.9,8.1,2069,WELCOME
1050,5,University,2025-08-05,508,Tape,3,2.25,6.75,2028,DISC10
1733,1,Downtown,2025-03-28,506,Highlighter,4,0.9,3.6,2092,
1003,2,Suburb,2025-10-02,501,Notebook,1,3.5,3.5,2003.0,
1548,4,Mall,2025-07-22,501,Notebook,7,3.5,24.5,2023,SAVE20
1353,2,Suburb,2025-10-09,507,Scissors,8,4.5,36.0,2026,
1912,3,Airport,2025-11-17,504,Folder,9,1.2,10.8,2008,
1540,5,University,2025-12-27,501,Notebook,4,3.5,14.0,2042,DISC5
1347,1,Downtown,2025-05-28,510,Eraser,9,0.5,4.5,2051,
1221,5,University,2025-10-15,510,Eraser,9,0.5,4.5,,
1484,4,Mall,2025-08-01,508,Tape,2,2.25,4.5,2099,DISC10
1581,5,University,2025-10-11,505,Marker,5,1.75,8.75,2013,DISC10
1034,3,Airport,2025-02-27,505,Marker,4,1.75,7.0,2073,DISC10
1032,3,Airport,2025-11-17,509,Glue,10,1.8,18.0,2048,
1232,3,Airport,2025-05-29,502,Pen,1,0.8,0.8,2056,DISC5
1754,4,Mall,2025-09-03,504,Folder,10,1.2,12.0,2053,DISC10
1193,4,Mall,2025-06-05,502,Pen,2,0.8,1.6,2069,DISC5
1514,5,University,2025-11-10,501,Notebook,5,3.5,17.5,2085,
1004,2,Suburb,2025-10-02,503,Stapler,1,5.25,5.25,,
1205,1,Downtown,2025-09-27,502,Pen,8,0.8,6.4,2047,
1434,3,Airport,2025-03-13,505,Marker,5,1.75,8.75,2009,DISC5
1579,1,Downtown,2025-12-27,507,Scissors,3,4.5,13.5,2056,DISC5
1988,4,Mall,2025-08-27,504,Folder,4,1.2,4.8,2079,SAVE20
1110,1,Downtown,2025-11-07,503,Stapler,5,5.25,26.25,2004,SAVE20
1602,1,Downtown,2025-05-02,508,Tape,5,2.25,11.25,2003,SAVE20
1078,1,Downtown,2025-05-11,507,Scissors,1,4.5,4.5,2069,
1085,2,Suburb,2025-08-31,502,Pen,5,0.8,4.0,2082,
1526,2,Suburb,2025-07-08,505,Marker,10,1.75,17.5,2095,
1083,3,Airport,2025-01-01,505,Marker,4,1.75,7.0,2075,
1255,3,Airport,2025-06-29,507,Scissors,3,4.5,13.5,2011,SAVE20
1645,1,Downtown,2025-12-01,501,Notebook,2,3.5,7.0,2049,DISC10
1409,5,University,2025-04-22,508,Tape,6,2.25,13.5,2082,
1820,5,University,2025-05-17,507,Scissors,5,4.5,22.5,2100,
1523,3,Airport,2025-06-13,502,Pen,10,0.8,8.0,2065,
1922,5,University,2025-11-10,505,Marker,10,1.75,17.5,2030,
1437,3,Airport,2025-03-11,501,Notebook,7,3.5,24.5,2080,WELCOME
1006,3,Airport,2025-10-03,502,Pen,10,0.8,8.0,2005.0,
1405,4,Mall,2025-11-25,508,Tape,3,2.25,6.75,2046,DISC5
1468,2,Suburb,2025-03-13,506,Highlighter,8,0.9,7.2,2046,DISC10
1098,4,Mall,2025-08-04,510,Eraser,1,0.5,0.5,2098,
1971,3,Airport,2025-05-02,508,Tape,5,2.25,11.25,2039,DISC5
1360,3,Airport,2025-08-23,503,Stapler,1,5.25,5.25,2038,
1960,2,Suburb,2025-03-02,510,Eraser,7,0.5,3.5,2043,SAVE20
1267,5,University,2025-02-22,502,Pen,5,0.8,4.0,2021,SAVE20
1674,1,Downtown,2025-07-06,504,Folder,8,1.2,9.6,2099,
1383,1,Downtown,2025-04-07,501,Notebook,7,3.5,24.5,2003,DISC5
1695,4,Mall,2025-10-15,504,Folder,9,1.2,10.8,2090,SAVE20
1412,5,University,2025-01-09,507,Scissors,3,4.5,13.5,2013,
1889,4,Mall,2025-11-21,501,Notebook,5,3.5,17.5,2041,
1119,4,Mall,2025-01-15,506,Highlighter,3,0.9,2.7,2046,
1431,3,Airport,2025-02-15,509,Glue,2,1.8,3.6,2042,
1251,5,University,2025-09-26,510,Eraser,3,0.5,1.5,2037,WELCOME
1343,4,Mall,2025-09-27,506,Highlighter,3,0.9,2.7,2069,SAVE20
1010,2,Suburb,2025-10-05,501,Notebook,1,3.5,3.5,2008.0,DISC5
1197,1,Downtown,2025-07-05,506,Highlighter,9,0.9,8.1,2083,SAVE20
1639,2,Suburb,2025-06-06,502,Pen,1,0.8,0.8,2038,WELCOME
1082,2,Suburb,2025-07-14,510,Eraser,10,0.5,5.0,2071,
1915,2,Suburb,2025-11-10,507,Scissors,4,4.5,18.0,2055,SAVE20
1479,5,University,2025-01-31,506,Highlighter,9,0.9,8.1,2069,DISC5
1676,1,Downtown,2025-04-24,506,Highlighter,6,0.9,5.4,2038,
1240,5,University,2025-09-29,504,Folder,6,1.2,7.2,2083,
1293,3,Airport,2025-08-11,501,Notebook,2,3.5,7.0,2052,SAVE20
1212,5,University,2025-12-02,504,Folder,7,1.2,8.4,2030,WELCOME
1724,1,Downtown,2025-07-11,509,Glue,9,1.8,16.2,2006,DISC10
1362,5,University,2025-08-07,506,Highlighter,2,0.9,1.8,2013,DISC5
1452,2,Suburb,2025-09-14,506,Highlighter,1,0.9,0.9,2038,WELCOME
1228,4,Mall,2025-11-07,507,Scissors,5,4.5,22.5,2066,DISC10
1864,2,Suburb,2025-07-18,509,Glue,8,1.8,14.4,2020,
1363,4,Mall,2025-03-13,506,Highlighter,4,0.9,3.6,,WELCOME
1804,2,Suburb,2025-12-12,507,Scissors,10,4.5,45.0,2047,
1686,2,Suburb,2025-03-10,507,Scissors,10,4.5,45.0,2096,
1552,5,University,2025-04-13,504,Folder,9,1.2,10.8,2049,
1983,5,University,2025-06-09,506,Highlighter,9,0.9,8.1,2017,DISC10
1583,1,Downtown,2025-08-07,505,Marker,10,1.75,17.5,2013,DISC10
1779,5,University,2025-07-25,509,Glue,5,1.8,9.0,2077,DISC10
1371,1,Downtown,2025-02-27,509,Glue,9,1.8,16.2,2069,DISC5
1008,1,Downtown,2025-10-04,502,Pen,2,0.8,1.6,2002.0,
1156,5,University,2025-06-09,501,Notebook,9,3.5,31.5,2029,
1545,1,Downtown,2025-12-18,510,Eraser,10,0.5,5.0,2010,DISC10
1443,1,Downtown,2025-10-09,508,Tape,4,2.25,9.0,2038,
1824,1,Downtown,2025-10-08,501,Notebook,7,3.5,24.5,2011,DISC10
1399,4,Mall,2025-05-25,508,Tape,9,2.25,20.25,2040,SAVE20
1785,1,Downtown,2025-12-27,502,Pen,9,0.8,7.2,2072,
1573,3,Airport,2025-02-04,505,Marker,2,1.75,3.5,2007,WELCOME
1873,4,Mall,2025-09-30,504,Folder,4,1.2,4.8,2032,
1582,5,University,2025-07-21,509,Glue,8,1.8,14.4,2047,DISC10
1942,1,Downtown,2025-12-31,507,Scissors,5,4.5,22.5,2099,WELCOME
1571,3,Airport,2025-05-02,506,Highlighter,3,0.9,2.7,2012,
1870,1,Downtown,2025-11-24,506,Highlighter,9,0.9,8.1,2054,
1534,5,University,2025-10-31,501,Notebook,7,3.5,24.5,2017,DISC5
1778,3,Airport,2025-04-24,502,Pen,10,0.8,8.0,,WELCOME
1714,4,Mall,2025-04-20,502,Pen,4,0.8,3.2,2090,
1451,3,Airport,2025-08-17,507,Scissors,8,4.5,36.0,2076,
1782,2,Suburb,2025-12-24,510,Eraser,3,0.5,1.5,2047,DISC5
1229,4,Mall,2025-06-26,502,Pen,5,0.8,4.0,2076,WELCOME
1539,4,Mall,2025-06-07,505,Marker,2,1.75,3.5,2088,SAVE20
1735,4,Mall,2025-09-03,508,Tape,6,2.25,13.5,2063,
1213,4,Mall,2025-06-23,507,Scissors,7,4.5,31.5,2041,WELCOME
1080,3,Airport,2025-11-16,502,Pen,5,0.8,4.0,2086,WELCOME
1149,3,Airport,2025-08-29,507,Scissors,6,4.5,27.0,2014,
1303,2,Suburb,2025-03-22,506,Highlighter,9,0.9,8.1,2026,
1665,5,University,2025-06-23,509,Glue,10,1.8,18.0,2085,
1329,5,University,2025-05-24,510,Eraser,2,0.5,1.0,2013,WELCOME
1931,2,Suburb,2025-01-22,509,Glue,9,1.8,16.2,2095,DISC10
1345,3,Airport,2025-10-13,504,Folder,5,1.2,6.0,2091,DISC5
1634,5,University,2025-03-28,503,Stapler,8,5.25,42.0,2100,DISC10
1507,5,University,2025-07-07,503,Stapler,8,5.25,42.0,2099,DISC10
1134,1,Downtown,2025-05-08,509,Glue,7,1.8,12.6,2080,DISC5
1833,3,Airport,2025-03-11,505,Marker,8,1.75,14.0,2089,WELCOME
1312,5,University,2025-02-17,503,Stapler,10,5.25,52.5,2020,DISC5
1612,1,Downtown,2025-05-13,505,Marker,1,1.75,1.75,2021,
1569,5,University,2025-07-20,501,Notebook,3,3.5,10.5,2079,DISC5
1001,1,Downtown,2025-10-01,501,Notebook,2,3.5,7.0,2001.0,
1317,4,Mall,2025-06-02,502,Pen,1,0.8,0.8,2054,WELCOME
1713,5,University,2025-10-03,501,Notebook,2,3.5,7.0,2081,
1709,1,Downtown,2025-05-05,506,Highlighter,7,0.9,6.3,2015,WELCOME
1619,3,Airport,2025-05-25,502,Pen,8,0.8,6.4,2036,
1536,4,Mall,2025-06-12,505,Marker,4,1.75,7.0,2026,DISC5
1480,3,Airport,2025-06-15,505,Marker,10,1.75,17.5,2066,
1650,5,University,2025-05-15,504,Folder,6,1.2,7.2,2038,DISC5
1173,1,Downtown,2025-06-16,505,Marker,6,1.75,10.5,2019,DISC5
1126,3,Airport,2025-04-09,502,Pen,9,0.8,7.2,2089,DISC5
1425,1,Downtown,2025-06-17,505,Marker,8,1.75,14.0,2046,
1423,1,Downtown,2025-12-19,509,Glue,6,1.8,10.8,2056,DISC5
1802,5,University,2025-01-17,506,Highlighter,7,0.9,6.3,2100,DISC5
1911,4,Mall,2025-09-08,503,Stapler,1,5.25,5.25,2046,SAVE20
1091,4,Mall,2025-03-04,503,Stapler,8,5.25,42.0,2072,
1947,3,Airport,2025-10-08,510,Eraser,9,0.5,4.5,2027,DISC10
1182,5,University,2025-04-28,506,Highlighter,4,0.9,3.6,2080,SAVE20
1275,5,University,2025-08-03,508,Tape,2,2.25,4.5,2064,
1903,5,University,2025-04-15,509,Glue,5,1.8,9.0,2080,
1070,2,Suburb,2025-03-25,507,Scissors,1,4.5,4.5,2043,
1292,3,Airport,2025-08-16,508,Tape,1,2.25,2.25,2046,
1132,1,Downtown,2025-09-02,502,Pen,7,0.8,5.6,2074,
1301,2,Suburb,2025-03-04,502,Pen,8,0.8,6.4,2092,WELCOME
1585,4,Mall,2025-07-23,508,Tape,5,2.25,11.25,2070,WELCOME
1327,1,Downtown,2025-07-07,507,Scissors,1,4.5,4.5,2025,SAVE20
1145,4,Mall,2025-01-21,506,Highlighter,10,0.9,9.0,2012,DISC5
1426,4,Mall,2025-07-12,503,Stapler,10,5.25,52.5,2011,
1586,3,Airport,2025-04-05,507,Scissors,6,4.5,27.0,2006,SAVE20
1136,5,University,2025-06-06,510,Eraser,1,0.5,0.5,2095,DISC10
1668,1,Downtown,2025-03-26,508,Tape,6,2.25,13.5,2036,DISC10
1165,4,Mall,2025-08-31,507,Scissors,3,4.5,13.5,2005,DISC5
1029,3,Airport,2025-09-28,509,Glue,1,1.8,1.8,2015,
1605,5,University,2025-08-02,502,Pen,4,0.8,3.2,2053,
1194,4,Mall,2025-07-18,506,Highlighter,9,0.9,8.1,2096,
1999,1,Downtown,2025-02-01,504,Folder,3,1.2,3.6,2097,
1844,1,Downtown,2025-08-26,506,Highlighter,2,0.9,1.8,2019,DISC10
1170,5,University,2025-09-07,501,Notebook,10,3.5,35.0,2081,
1491,2,Suburb,2025-04-14,505,Marker,3,1.75,5.25,2036,DISC10
1141,2,Suburb,2025-12-05,507,Scissors,2,4.5,9.0,2083,DISC5
1174,4,Mall,2025-09-29,510,Eraser,3,0.5,1.5,2011,
1007,3,Airport,2025-10-04,505,Marker,2,1.75,3.5,2006.0,
1950,4,Mall,2025-02-25,503,Stapler,3,5.25,15.75,2079,
1637,2,Suburb,2025-09-29,501,Notebook,1,3.5,3.5,2032,DISC5
1074,1,Downtown,2025-05-23,505,Marker,6,1.75,10.5,2052,
1689,5,University,2025-09-15,506,Highlighter,2,0.9,1.8,2072,WELCOME
1985,5,University,2025-04-02,510,Eraser,8,0.5,4.0,2040,SAVE20
1239,2,Suburb,2025-06-23,506,Highlighter,3,0.9,2.7,2082,DISC10
1146,5,University,2025-12-12,510,Eraser,1,0.5,0.5,2087,
1799,3,Airport,2025-09-04,510,Eraser,6,0.5,3.0,2074,
1235,5,University,2025-06-10,507,Scissors,10,4.5,45.0,2082,WELCOME
1221,5,University,2025-10-15,510,Eraser,9,0.5,4.5,,
1478,2,Suburb,2025-08-08,510,Eraser,3,0.5,1.5,2027,
1860,5,University,2025-05-21,509,Glue,3,1.8,5.4,2020,WELCOME
1133,1,Downtown,2025-12-18,503,Stapler,3,5.25,15.75,2039,DISC10
2000,2,Suburb,2025-01-01,503,Stapler,8,5.25,42.0,2050,
1845,4,Mall,2025-05-17,502,Pen,9,0.8,7.2,2025,
1186,3,Airport,2025-09-14,503,Stapler,5,5.25,26.25,2062,
1042,5,University,2025-10-20,508,Tape,4,2.25,9.0,2053,DISC5
1616,3,Airport,2025-12-30,507,Scissors,7,4.5,31.5,2059,SAVE20
1109,2,Suburb,2025-10-16,508,Tape,5,2.25,11.25,2022,
1594,2,Suburb,2025-04-14,510,Eraser,5,0.5,2.5,2094,
1057,4,Mall,2025-06-03,506,Highlighter,2,0.9,1.8,,
1532,5,University,2025-04-29,507,Scissors,6,4.5,27.0,2096,DISC10
1874,2,Suburb,2025-11-17,509,Glue,9,1.8,16.2,2014,
1957,5,University,2025-09-27,510,Eraser,6,0.5,3.0,2079,
1868,5,University,2025-09-08,510,Eraser,10,0.5,5.0,2047,DISC5
1025,3,Airport,2025-03-15,503,Stapler,4,5.25,21.0,2069,SAVE20
1693,1,Downtown,2025-03-16,505,Marker,4,1.75,7.0,2005,SAVE20
1449,4,Mall,2025-12-13,506,Highlighter,7,0.9,6.3,2013,SAVE20
1535,3,Airport,2025-05-30,506,Highlighter,7,0.9,6.3,2095,SAVE20
1698,2,Suburb,2025-08-15,506,Highlighter,10,0.9,9.0,2078,DISC5
1965,2,Suburb,2025-01-19,508,Tape,3,2.25,6.75,2069,SAVE20
1934,5,University,2025-12-20,503,Stapler,8,5.25,42.0,2058,DISC10
1339,5,University,2025-11-19,507,Scissors,3,4.5,13.5,2032,DISC10
1052,5,University,2025-09-15,503,Stapler,1,5.25,5.25,2011,
1669,2,Suburb,2025-09-17,509,Glue,7,1.8,12.6,2031,DISC10
1519,4,Mall,2025-01-29,510,Eraser,3,0.5,1.5,2033,
1928,4,Mall,2025-06-16,504,Folder,7,1.2,8.4,2006,
1786,3,Airport,2025-06-28,505,Marker,4,1.75,7.0,2025,WELCOME
1265,5,University,2025-07-15,509,Glue,7,1.8,12.6,2026,
1818,3,Airport,2025-03-27,507,Scissors,10,4.5,45.0,2010,DISC10
1717,2,Suburb,2025-10-22,505,Marker,7,1.75,12.25,2081,WELCOME
1688,3,Airport,2025-11-16,506,Highlighter,3,0.9,2.7,2084,DISC5
1954,3,Airport,2025-03-04,506,Highlighter,9,0.9,8.1,2027,
1881,1,Downtown,2025-06-04,505,Marker,4,1.75,7.0,2041,DISC10
1450,5,University,2025-04-24,509,Glue,9,1.8,16.2,2074,DISC5
1019,2,Suburb,2025-01-24,505,Marker,2,1.75,3.5,2013,WELCOME
1722,2,Suburb,2025-08-31,509,Glue,4,1.8,7.2,2051,
1486,1,Downtown,2025-10-25,502,Pen,8,0.8,6.4,2090,SAVE20
1697,1,Downtown,2025-10-10,501,Notebook,5,3.5,17.5,2100,
1317,4,Mall,2025-06-02,502,Pen,1,0.8,0.8,2054,WELCOME
1368,2,Suburb,2025-09-02,508,Tape,10,2.25,22.5,2090,
1084,3,Airport,2025-12-02,508,Tape,8,2.25,18.0,2028,
1062,2,Suburb,2025-10-11,505,Marker,5,1.75,8.75,2092,SAVE20
1440,2,Suburb,2025-06-10,507,Scissors,6,4.5,27.0,2089,
1273,2,Suburb,2025-05-12,503,Stapler,9,5.25,47.25,2078,
1286,1,Downtown,2025-05-10,504,Folder,5,1.2,6.0,2100,DISC10
1361,2,Suburb,2025-12-12,503,Stapler,10,5.25,52.5,2052,
1355,2,Suburb,2025-10-21,509,Glue,1,1.8,1.8,2023,WELCOME
1996,1,Downtown,2025-12-06,510,Eraser,8,0.5,4.0,2077,WELCOME
1279,5,University,2025-09-17,509,Glue,1,1.8,1.8,2061,DISC10
1013,2,Suburb,2025-04-22,509,Glue,10,1.8,18.0,,DISC5
1183,2,Suburb,2025-12-14,502,Pen,1,0.8,0.8,2057,DISC10
1369,5,University,2025-08-30,504,Folder,4,1.2,4.8,2077,
1495,4,Mall,2025-09-23,501,Notebook,1,3.5,3.5,2016,
1621,1,Downtown,2025-05-04,510,Eraser,7,0.5,3.5,2088,DISC5
1224,1,Downtown,2025-07-25,503,Stapler,1,5.25,5.25,2068,DISC5
1577,3,Airport,2025-01-11,505,Marker,2,1.75,3.5,2022,WELCOME
1705,2,Suburb,2025-09-16,507,Scissors,9,4.5,40.5,2012,SAVE20
1589,2,Suburb,2025-10-29,509,Glue,1,1.8,1.8,2067,WELCOME
1549,2,Suburb,2025-04-20,505,Marker,5,1.75,8.75,2020,DISC10
1588,1,Downtown,2025-03-19,502,Pen,6,0.8,4.8,2053,
1614,5,University,2025-07-29,501,Notebook,1,3.5,3.5,2017,
1177,5,University,2025-12-13,503,Stapler,2,5.25,10.5,2045,
1671,1,Downtown,2025-06-11,508,Tape,1,2.25,2.25,2053,DISC10
1788,1,Downtown,2025-10-14,509,Glue,5,1.8,9.0,2015,
1591,5,University,2025-01-18,510,Eraser,9,0.5,4.5,2087,
1524,2,Suburb,2025-01-27,504,Folder,9,1.2,10.8,2052,DISC10
1394,4,Mall,2025-02-10,506,Highlighter,2,0.9,1.8,2025,DISC10
1164,4,Mall,2025-10-20,504,Folder,7,1.2,8.4,,
1249,1,Downtown,2025-03-19,508,Tape,2,2.25,4.5,2044,
1654,2,Suburb,2025-05-12,508,Tape,5,2.25,11.25,2007,DISC10
1893,1,Downtown,2025-10-20,509,Glue,7,1.8,12.6,2052,
1871,1,Downtown,2025-07-08,510,Eraser,5,0.5,2.5,2094,DISC10
1376,5,University,2025-04-22,502,Pen,1,0.8,0.8,2090,DISC10
1413,2,Suburb,2025-03-18,504,Folder,10,1.2,12.0,2046,SAVE20
1075,3,Airport,2025-10-02,501,Notebook,2,3.5,7.0,2034,DISC5
1114,5,University,2025-02-05,506,Highlighter,1,0.9,0.9,2063,DISC10
1807,3,Airport,2025-07-10,507,Scissors,5,4.5,22.5,2074,DISC5
1892,3,Airport,2025-08-10,507,Scissors,3,4.5,13.5,2011,WELCOME
1391,4,Mall,2025-06-03,503,Stapler,9,5.25,47.25,2029,SAVE20
1105,3,Airport,2025-06-17,507,Scissors,5,4.5,22.5,2054,SAVE20
1115,3,Airport,2025-08-10,508,Tape,3,2.25,6.75,2094,
1418,5,University,2025-04-19,508,Tape,5,2.25,11.25,,DISC10
1715,1,Downtown,2025-08-11,503,Stapler,1,5.25,5.25,2043,DISC10
1458,4,Mall,2025-04-29,503,Stapler,3,5.25,15.75,2056,WELCOME
1410,4,Mall,2025-11-12,508,Tape,1,2.25,2.25,,
1093,4,Mall,2025-03-23,508,Tape,5,2.25,11.25,2082,SAVE20
1568,3,Airport,2025-12-19,503,Stapler,3,5.25,15.75,2090,
1090,2,Suburb,2025-08-06,503,Stapler,9,5.25,47.25,2072,DISC5
1337,1,Downtown,2025-12-19,510,Eraser,8,0.5,4.0,2084,
1998,1,Downtown,2025-11-03,510,Eraser,7,0.5,3.5,2083,
1929,3,Airport,2025-07-14,507,Scissors,10,4.5,45.0,2074,
1941,5,University,2025-06-21,503,Stapler,3,5.25,15.75,2023,
1902,4,Mall,2025-08-19,501,Notebook,6,3.5,21.0,2069,DISC5
1599,3,Airport,2025-10-02,507,Scissors,5,4.5,22.5,2063,
1617,4,Mall,2025-04-22,505,Marker,9,1.75,15.75,2051,
1095,3,Airport,2025-05-01,506,Highlighter,6,0.9,5.4,2011,DISC5
1012,5,University,2025-02-22,502,Pen,10,0.8,8.0,2004,DISC10
1397,2,Suburb,2025-01-08,504,Folder,2,1.2,2.4,2097,WELCOME
1537,1,Downtown,2025-10-27,503,Stapler,2,5.25,10.5,2060,SAVE20
1044,1,Downtown,2025-01-28,501,Notebook,7,3.5,24.5,2014,DISC5
1043,1,Downtown,2025-02-18,507,Scissors,6,4.5,27.0,2060,
1330,3,Airport,2025-07-11,509,Glue,6,1.8,10.8,2026,
1168,4,Mall,2025-02-08,505,Marker,6,1.75,10.5,2051,
1500,4,Mall,2025-11-12,504,Folder,2,1.2,2.4,2018,
1884,2,Suburb,2025-10-26,504,Folder,5,1.2,6.0,2012,
1603,3,Airport,2025-06-05,505,Marker,8,1.75,14.0,2088,DISC10
1763,2,Suburb,2025-08-03,510,Eraser,2,0.5,1.0,2079,
1101,4,Mall,2025-05-20,508,Tape,1,2.25,2.25,2086,
1427,3,Airport,2025-11-13,504,Folder,2,1.2,2.4,2020,WELCOME
1179,1,Downtown,2025-09-05,504,Folder,7,1.2,8.4,2074,SAVE20
1445,2,Suburb,2025-05-10,507,Scissors,7,4.5,31.5,2077,WELCOME
1417,3,Airport,2025-08-11,510,Eraser,2,0.5,1.0,2006,DISC5
1653,2,Suburb,2025-09-10,502,Pen,9,0.8,7.2,2093,DISC10
1890,2,Suburb,2025-10-17,506,Highlighter,9,0.9,8.1,2020,DISC10
1774,5,University,2025-06-07,506,Highlighter,7,0.9,6.3,2085,DISC10
1178,4,Mall,2025-06-03,505,Marker,8,1.75,14.0,2026,WELCOME
1396,5,University,2025-04-07,509,Glue,4,1.8,7.2,2043,SAVE20
1809,2,Suburb,2025-07-15,503,Stapler,3,5.25,15.75,2002,DISC5
1801,2,Suburb,2025-10-23,501,Notebook,9,3.5,31.5,2062,
1970,3,Airport,2025-03-01,506,Highlighter,1,0.9,0.9,2012,WELCOME
1690,5,University,2025-10-26,507,Scissors,9,4.5,40.5,2055,
1384,1,Downtown,2025-04-16,502,Pen,10,0.8,8.0,,
1966,4,Mall,2025-08-25,501,Notebook,9,3.5,31.5,2093,
1618,1,Downtown,2025-02-22,509,Glue,6,1.8,10.8,2077,
1258,2,Suburb,2025-04-03,506,Highlighter,8,0.9,7.2,2018,DISC5
1336,1,Downtown,2025-12-11,507,Scissors,10,4.5,45.0,2093,
1016,1,Downtown,2025-06-22,502,Pen,7,0.8,5.6,2045,
1635,5,University,2025-03-08,507,Scissors,7,4.5,31.5,2062,WELCOME
1325,4,Mall,2025-05-25,510,Eraser,8,0.5,4.0,2002,
1765,5,University,2025-11-05,501,Notebook,7,3.5,24.5,2048,
1223,3,Airport,2025-06-23,501,Notebook,3,3.5,10.5,2073,
1180,3,Airport,2025-12-25,501,Notebook,7,3.5,24.5,2073,
1993,4,Mall,2025-08-25,510,Eraser,7,0.5,3.5,2032,
1522,5,University,2025-01-19,507,Scissors,4,4.5,18.0,2054,
1023,2,Suburb,2025-01-29,501,Notebook,6,3.5,21.0,2009,DISC5
1357,1,Downtown,2025-05-29,501,Notebook,5,3.5,17.5,2014,SAVE20
1740,4,Mall,2025-07-07,504,Folder,10,1.2,12.0,2038,DISC5
1869,1,Downtown,2025-11-07,501,Notebook,4,3.5,14.0,2011,WELCOME
1341,2,Suburb,2025-07-31,507,Scissors,9,4.5,40.5,2061,
1432,1,Downtown,2025-07-17,505,Marker,7,1.75,12.25,2011,
1555,1,Downtown,2025-04-23,505,Marker,1,1.75,1.75,2061,
1948,2,Suburb,2025-04-05,501,Notebook,6,3.5,21.0,,
1204,1,Downtown,2025-06-15,503,Stapler,5,5.25,26.25,2095,WELCOME
1636,1,Downtown,2025-01-03,509,Glue,4,1.8,7.2,2002,SAVE20
1094,4,Mall,2025-09-24,504,Folder,5,1.2,6.0,2092,SAVE20
1926,1,Downtown,2025-07-29,505,Marker,7,1.75,12.25,2086,DISC5
1069,4,Mall,2025-10-14,510,Eraser,3,0.5,1.5,2031,
1678,1,Downtown,2025-07-29,505,Marker,10,1.75,17.5,2016,
1285,3,Airport,2025-01-22,505,Marker,9,1.75,15.75,2070,WELCOME
1812,2,Suburb,2025-02-20,501,Notebook,4,3.5,14.0,2061,
1435,3,Airport,2025-08-11,507,Scissors,5,4.5,22.5,2010,SAVE20
1154,3,Airport,2025-04-15,509,Glue,3,1.8,5.4,2057,
1076,3,Airport,2025-10-25,501,Notebook,2,3.5,7.0,2045,
1737,3,Airport,2025-04-11,502,Pen,2,0.8,1.6,2065,
1447,1,Downtown,2025-10-06,506,Highlighter,9,0.9,8.1,2011,DISC10
1189,5,University,2025-05-16,502,Pen,8,0.8,6.4,2096,
1272,2,Suburb,2025-08-30,508,Tape,8,2.25,18.0,2011,DISC10
1237,4,Mall,2025-11-13,506,Highlighter,2,0.9,1.8,2014,DISC5
1488,3,Airport,2025-05-18,505,Marker,6,1.75,10.5,2017,
1118,2,Suburb,2025-08-19,508,Tape,10,2.25,22.5,2049,SAVE20
1826,2,Suburb,2025-04-28,505,Marker,8,1.75,14.0,2017,
1513,1,Downtown,2025-05-03,504,Folder,2,1.2,2.4,2015,WELCOME
1808,2,Suburb,2025-10-22,502,Pen,5,0.8,4.0,2072,WELCOME
1597,4,Mall,2025-09-25,502,Pen,7,0.8,5.6,2073,
1127,2,Suburb,2025-04-09,508,Tape,5,2.25,11.25,2098,
1117,3,Airport,2025-10-31,506,Highlighter,4,0.9,3.6,2012,SAVE20
1474,3,Airport,2025-10-06,509,Glue,1,1.8,1.8,2057,
1755,1,Downtown,2025-05-05,503,Stapler,10,5.25,52.5,2018,
1058,1,Downtown,2025-10-16,502,Pen,9,0.8,7.2,2034,DISC5
1680,1,Downtown,2025-08-01,510,Eraser,2,0.5,1.0,2058,WELCOME
1920,3,Airport,2025-01-16,507,Scissors,7,4.5,31.5,2096,
1370,5,University,2025-02-11,508,Tape,9,2.25,20.25,2010,
1269,3,Airport,2025-08-19,501,Notebook,7,3.5,24.5,2065,SAVE20
1047,5,University,2025-01-26,501,Notebook,2,3.5,7.0,2031,DISC5
1350,3,Airport,2025-10-15,503,Stapler,2,5.25,10.5,2076,DISC5
1196,3,Airport,2025-12-20,504,Folder,8,1.2,9.6,2031,
1594,2,Suburb,2025-04-14,510,Eraser,5,0.5,2.5,2094,
1842,4,Mall,2025-03-06,501,Notebook,4,3.5,14.0,2002,WELCOME
1829,2,Suburb,2025-10-04,510,Eraser,10,0.5,5.0,2096,
1264,3,Airport,2025-04-10,510,Eraser,8,0.5,4.0,2037,
1444,1,Downtown,2025-12-21,507,Scissors,8,4.5,36.0,2039,DISC5
1681,5,University,2025-12-04,509,Glue,3,1.8,5.4,2001,
1305,5,University,2025-08-28,503,Stapler,10,5.25,52.5,2009,SAVE20
1342,2,Suburb,2025-02-01,509,Glue,4,1.8,7.2,2085,WELCOME
1604,2,Suburb,2025-04-27,505,Marker,8,1.75,14.0,2042,SAVE20
1976,1,Downtown,2025-09-25,501,Notebook,5,3.5,17.5,2088,
1150,3,Airport,2025-03-24,507,Scissors,8,4.5,36.0,2052,
1125,3,Airport,2025-06-19,508,Tape,5,2.25,11.25,2030,DISC10
1793,1,Downtown,2025-10-02,505,Marker,4,1.75,7.0,2052,
1830,4,Mall,2025-10-16,509,Glue,9,1.8,16.2,2045,WELCOME
1051,5,University,2025-10-24,501,Notebook,6,3.5,21.0,2075,WELCOME
1354,3,Airport,2025-05-28,505,Marker,1,1.75,1.75,2012,
1935,1,Downtown,2025-09-14,503,Stapler,10,5.25,52.5,2090,
1143,3,Airport,2025-10-19,508,Tape,2,2.25,4.5,2039,
1471,1,Downtown,2025-03-27,510,Eraser,1,0.5,0.5,2029,SAVE20
1400,5,University,2025-07-04,508,Tape,8,2.25,18.0,2093,WELCOME
1631,3,Airport,2025-04-13,507,Scissors,10,4.5,45.0,2059,DISC5
1321,3,Airport,2025-01-26,507,Scissors,10,4.5,45.0,2021,
1020,4,Mall,2025-05-23,506,Highlighter,3,0.9,2.7,2027,
1817,1,Downtown,2025-08-17,507,Scissors,10,4.5,45.0,2081,DISC5
1797,3,Airport,2025-11-13,503,Stapler,2,5.25,10.5,2011,
1908,4,Mall,2025-04-29,509,Glue,2,1.8,3.6,2063,
1408,4,Mall,2025-01-04,503,Stapler,4,5.25,21.0,2020,DISC10
1538,1,Downtown,2025-07-28,509,Glue,6,1.8,10.8,2027,WELCOME
1626,5,University,2025-05-13,503,Stapler,6,5.25,31.5,2029,SAVE20
1039,1,Downtown,2025-06-23,510,Eraser,9,0.5,4.5,2029,DISC10
1176,3,Airport,2025-08-25,508,Tape,5,2.25,11.25,2060,SAVE20
1246,1,Downtown,2025-08-20,501,Notebook,6,3.5,21.0,2010,
1836,2,Suburb,2025-07-22,503,Stapler,7,5.25,36.75,2029,SAVE20
1679,2,Suburb,2025-07-21,508,Tape,4,2.25,9.0,2014,
1761,5,University,2025-08-21,510,Eraser,2,0.5,1.0,2050,DISC5
1866,1,Downtown,2025-02-04,503,Stapler,3,5.25,15.75,2026,DISC10
1155,1,Downtown,2025-09-06,501,Notebook,10,3.5,35.0,2091,DISC5
1288,4,Mall,2025-08-14,506,Highlighter,3,0.9,2.7,2064,SAVE20
1771,5,University,2025-08-07,505,Marker,5,1.75,8.75,2055,
1570,5,University,2025-11-24,502,Pen,8,0.8,6.4,2096,DISC10
1750,3,Airport,2025-07-27,506,Highlighter,8,0.9,7.2,2078,DISC10
1018,3,Airport,2025-10-10,510,Eraser,6,0.5,3.0,2091,DISC10
1128,3,Airport,2025-11-02,502,Pen,4,0.8,3.2,2047,DISC5
1323,4,Mall,2025-08-28,505,Marker,8,1.75,14.0,,WELCOME
1256,4,Mall,2025-10-14,506,Highlighter,3,0.9,2.7,2095,
1663,1,Downtown,2025-01-24,505,Marker,6,1.75,10.5,,
1974,3,Airport,2025-09-26,506,Highlighter,3,0.9,2.7,2013,
1191,5,University,2025-01-13,509,Glue,6,1.8,10.8,2029,
1116,3,Airport,2025-11-30,510,Eraser,9,0.5,4.5,2060,WELCOME
1622,4,Mall,2025-01-14,505,Marker,5,1.75,8.75,2052,WELCOME
1607,5,University,2025-06-09,507,Scissors,3,4.5,13.5,2068,
1181,1,Downtown,2025-12-18,510,Eraser,8,0.5,4.0,2037,
1302,3,Airport,2025-02-14,506,Highlighter,2,0.9,1.8,2038,SAVE20
1766,5,University,2025-01-23,507,Scissors,4,4.5,18.0,2062,
1719,5,University,2025-11-25,502,Pen,10,0.8,8.0,,
1741,5,University,2025-08-26,509,Glue,2,1.8,3.6,2065,DISC10
1831,2,Suburb,2025-10-04,502,Pen,8,0.8,6.4,2053,SAVE20
1667,1,Downtown,2025-01-28,503,Stapler,9,5.25,47.25,2064,
1518,3,Airport,2025-02-02,510,Eraser,2,0.5,1.0,2066,SAVE20
1994,4,Mall,2025-03-23,507,Scissors,2,4.5,9.0,2089,
1046,2,Suburb,2025-08-25,502,Pen,8,0.8,6.4,2071,DISC10
1917,5,University,2025-10-25,504,Folder,3,1.2,3.6,2091,
1158,3,Airport,2025-09-18,507,Scissors,8,4.5,36.0,2032,WELCOME
1751,2,Suburb,2025-09-14,508,Tape,3,2.25,6.75,2066,
1172,1,Downtown,2025-12-27,508,Tape,3,2.25,6.75,2004,DISC10
1017,1,Downtown,2025-05-16,508,Tape,9,2.25,20.25,2049,DISC10
1512,4,Mall,2025-06-17,510,Eraser,2,0.5,1.0,2056,
1049,1,Downtown,2025-07-14,507,Scissors,5,4.5,22.5,2059,SAVE20
1981,5,University,2025-11-15,509,Glue,2,1.8,3.6,2045,
1848,5,University,2025-02-18,504,Folder,8,1.2,9.6,2040,SAVE20
1516,5,University,2025-06-27,509,Glue,5,1.8,9.0,2017,
1768,2,Suburb,2025-09-02,502,Pen,5,0.8,4.0,2070,WELCOME
1481,2,Suburb,2025-02-18,507,Scissors,1,4.5,4.5,2084,DISC5
1284,1,Downtown,2025-08-23,505,Marker,4,1.75,7.0,,DISC5
1900,3,Airport,2025-12-17,503,Stapler,2,5.25,10.5,2007,DISC5
1718,3,Airport,2025-08-10,501,Notebook,7,3.5,24.5,2069,DISC10
1226,5,University,2025-06-16,510,Eraser,2,0.5,1.0,2020,DISC5
1027,1,Downtown,2025-09-10,501,Notebook,2,3.5,7.0,2021,
1789,3,Airport,2025-09-20,509,Glue,10,1.8,18.0,2057,WELCOME
1438,4,Mall,2025-06-18,506,Highlighter,7,0.9,6.3,2084,
1959,3,Airport,2025-12-29,504,Folder,1,1.2,1.2,2060,
1365,3,Airport,2025-01-06,506,Highlighter,4,0.9,3.6,2016,WELCOME
1230,3,Airport,2025-09-27,501,Notebook,4,3.5,14.0,2077,DISC10
1038,4,Mall,2025-07-11,509,Glue,8,1.8,14.4,2029,DISC10
1975,2,Suburb,2025-09-22,504,Folder,1,1.2,1.2,2092,
1375,3,Airport,2025-12-11,501,Notebook,7,3.5,24.5,2001,
1470,4,Mall,2025-09-11,508,Tape,7,2.25,15.75,2057,WELCOME
1977,1,Downtown,2025-11-01,506,Highlighter,8,0.9,7.2,2014,
1858,4,Mall,2025-01-21,508,Tape,9,2.25,20.25,2090,WELCOME
1847,4,Mall,2025-07-17,504,Folder,1,1.2,1.2,2095,
1732,5,University,2025-12-22,503,Stapler,10,5.25,52.5,2041,WELCOME
1195,4,Mall,2025-03-21,502,Pen,8,0.8,6.4,2036,DISC10
1862,4,Mall,2025-09-17,503,Stapler,1,5.25,5.25,2047,
1925,4,Mall,2025-07-18,508,Tape,3,2.25,6.75,2029,DISC10
1504,4,Mall,2025-04-07,505,Marker,1,1.75,1.75,2031,WELCOME
1979,2,Suburb,2025-06-14,504,Folder,5,1.2,6.0,2041,
1838,3,Airport,2025-12-22,505,Marker,9,1.75,15.75,2053,DISC5
1580,1,Downtown,2025-01-28,506,Highlighter,4,0.9,3.6,2053,
1978,3,Airport,2025-12-04,501,Notebook,10,3.5,35.0,2082,DISC5
1163,4,Mall,2025-10-06,508,Tape,6,2.25,13.5,2090,DISC5
1708,3,Airport,2025-02-28,508,Tape,4,2.25,9.0,2079,
1153,3,Airport,2025-09-23,510,Eraser,8,0.5,4.0,2098,DISC10
1961,2,Suburb,2025-10-14,501,Notebook,4,3.5,14.0,2033,
1706,2,Suburb,2025-04-24,506,Highlighter,6,0.9,5.4,2028,
1762,1,Downtown,2025-02-25,504,Folder,9,1.2,10.8,2065,
1112,2,Suburb,2025-11-18,502,Pen,5,0.8,4.0,2077,
1227,1,Downtown,2025-11-13,502,Pen,5,0.8,4.0,2055,WELCOME
1694,1,Downtown,2025-08-20,510,Eraser,9,0.5,4.5,2096,
1104,2,Suburb,2025-08-25,501,Notebook,5,3.5,17.5,2028,WELCOME
1422,5,University,2025-07-19,506,Highlighter,7,0.9,6.3,2018,
1420,1,Downtown,2025-06-11,504,Folder,10,1.2,12.0,2092,
1757,4,Mall,2025-09-22,510,Eraser,10,0.5,5.0,2093,
1587,4,Mall,2025-08-14,505,Marker,4,1.75,7.0,2073,DISC10
1787,5,University,2025-07-26,501,Notebook,5,3.5,17.5,2065,DISC10
1673,5,University,2025-06-05,509,Glue,4,1.8,7.2,2059,SAVE20
1120,3,Airport,2025-05-13,505,Marker,10,1.75,17.5,2036,
1054,5,University,2025-03-03,504,Folder,10,1.2,12.0,2080,DISC10
1152,5,University,2025-07-26,501,Notebook,9,3.5,31.5,2007,DISC5
1404,4,Mall,2025-05-06,509,Glue,6,1.8,10.8,2063,
1953,1,Downtown,2025-07-14,507,Scissors,9,4.5,40.5,2061,DISC5
1208,4,Mall,2025-09-03,507,Scissors,2,4.5,9.0,2057,DISC10
1659,4,Mall,2025-05-20,508,Tape,7,2.25,15.75,2022,DISC10
1851,4,Mall,2025-05-01,506,Highlighter,1,0.9,0.9,2036,
1843,3,Airport,2025-04-22,507,Scissors,5,4.5,22.5,2064,SAVE20
1009,2,Suburb,2025-10-05,506,Highlighter,4,0.9,3.6,2007.0,
1815,5,University,2025-12-14,504,Folder,10,1.2,12.0,2084,
1037,5,University,2025-04-19,504,Folder,5,1.2,6.0,2086,
1453,1,Downtown,2025-02-13,503,Stapler,6,5.25,31.5,2059,
1652,1,Downtown,2025-05-01,501,Notebook,2,3.5,7.0,2074,
1254,5,University,2025-12-03,503,Stapler,6,5.25,31.5,2085,DISC5
1304,2,Suburb,2025-03-13,508,Tape,1,2.25,2.25,2074,SAVE20
1753,2,Suburb,2025-03-02,507,Scissors,6,4.5,27.0,2062,
1572,3,Airport,2025-12-29,508,Tape,1,2.25,2.25,2032,
1624,5,University,2025-12-18,508,Tape,6,2.25,13.5,2022,
1716,1,Downtown,2025-02-14,501,Notebook,3,3.5,10.5,2072,DISC10
1849,1,Downtown,2025-03-23,509,Glue,9,1.8,16.2,2062,
1263,2,Suburb,2025-08-18,509,Glue,4,1.8,7.2,2061,
1611,4,Mall,2025-04-01,510,Eraser,9,0.5,4.5,2021,
1298,3,Airport,2025-07-23,505,Marker,4,1.75,7.0,2004,
1415,3,Airport,2025-04-26,502,Pen,1,0.8,0.8,2049,WELCOME
1151,1,Downtown,2025-10-09,508,Tape,2,2.25,4.5,2042,DISC10
1837,4,Mall,2025-02-10,504,Folder,9,1.2,10.8,2079,
1641,4,Mall,2025-06-25,506,Highlighter,4,0.9,3.6,2052,DISC10
1897,1,Downtown,2025-10-22,502,Pen,7,0.8,5.6,2045,DISC5
1551,4,Mall,2025-10-09,501,Notebook,2,3.5,7.0,2018,WELCOME
1800,4,Mall,2025-05-21,503,Stapler,9,5.25,47.25,2029,
1489,3,Airport,2025-09-06,501,Notebook,1,3.5,3.5,2059,DISC10
1711,5,University,2025-09-21,508,Tape,8,2.25,18.0,,
1148,2,Suburb,2025-05-23,510,Eraser,7,0.5,3.5,2063,DISC10
1147,5,University,2025-05-18,501,Notebook,3,3.5,10.5,2084,WELCOME
1904,1,Downtown,2025-03-14,507,Scissors,10,4.5,45.0,2068,DISC10
1939,1,Downtown,2025-07-05,509,Glue,7,1.8,12.6,2066,
1746,4,Mall,2025-07-04,508,Tape,8,2.25,18.0,2006,
1660,1,Downtown,2025-03-09,503,Stapler,2,5.25,10.5,2076,WELCOME
1349,4,Mall,2025-06-27,505,Marker,8,1.75,14.0,2069,SAVE20
1464,3,Airport,2025-12-11,510,Eraser,10,0.5,5.0,2018,SAVE20
1326,4,Mall,2025-02-25,503,Stapler,5,5.25,26.25,2098,WELCOME
1187,3,Airport,2025-06-01,502,Pen,8,0.8,6.4,2019,
1124,5,University,2025-08-31,509,Glue,6,1.8,10.8,2096,
1335,5,University,2025-12-29,505,Marker,8,1.75,14.0,2048,SAVE20
1609,1,Downtown,2025-08-22,506,Highlighter,4,0.9,3.6,2060,
1144,3,Airport,2025-07-26,509,Glue,9,1.8,16.2,2011,
1968,1,Downtown,2025-07-01,503,Stapler,5,5.25,26.25,2044,WELCOME
1198,4,Mall,2025-02-01,505,Marker,4,1.75,7.0,2059,DISC10
1610,1,Downtown,2025-07-23,501,Notebook,4,3.5,14.0,2077,WELCOME
1280,4,Mall,2025-11-22,506,Highlighter,5,0.9,4.5,2046,
1294,2,Suburb,2025-09-20,501,Notebook,3,3.5,10.5,2087,
1401,2,Suburb,2025-06-13,506,Highlighter,6,0.9,5.4,2073,
1123,2,Suburb,2025-05-31,507,Scissors,4,4.5,18.0,2075,SAVE20
1184,3,Airport,2025-10-24,503,Stapler,2,5.25,10.5,2042,
1203,1,Downtown,2025-12-05,503,Stapler,1,5.25,5.25,2031,
1439,3,Airport,2025-03-11,506,Highlighter,10,0.9,9.0,2026,WELCOME
1247,5,University,2025-02-16,510,Eraser,9,0.5,4.5,2075,
1416,4,Mall,2025-10-10,501,Notebook,1,3.5,3.5,2011,WELCOME
1964,2,Suburb,2025-03-31,506,Highlighter,6,0.9,5.4,2062,WELCOME
1919,5,University,2025-10-13,502,Pen,3,0.8,2.4,2019,
1914,4,Mall,2025-06-24,503,Stapler,2,5.25,10.5,2067,
1775,4,Mall,2025-04-28,503,Stapler,2,5.25,10.5,2052,
1895,5,University,2025-11-30,504,Folder,9,1.2,10.8,2095,
1130,2,Suburb,2025-05-30,508,Tape,2,2.25,4.5,2074,SAVE20
1638,3,Airport,2025-12-22,505,Marker,3,1.75,5.25,2065,
1403,3,Airport,2025-08-02,503,Stapler,4,5.25,21.0,2049,
1791,5,University,2025-08-24,501,Notebook,8,3.5,28.0,2009,WELCOME
1940,4,Mall,2025-03-23,509,Glue,7,1.8,12.6,,DISC5
1736,2,Suburb,2025-02-25,510,Eraser,2,0.5,1.0,2018,
1921,3,Airport,2025-11-23,503,Stapler,4,5.25,21.0,2024,DISC10
1220,3,Airport,2025-10-12,502,Pen,5,0.8,4.0,2055,
1642,2,Suburb,2025-04-27,503,Stapler,4,5.25,21.0,2076,
1923,2,Suburb,2025-04-29,501,Notebook,6,3.5,21.0,2100,WELCOME
1759,2,Suburb,2025-09-04,504,Folder,7,1.2,8.4,2075,
1814,3,Airport,2025-10-13,506,Highlighter,1,0.9,0.9,2045,
1927,1,Downtown,2025-04-15,503,Stapler,8,5.25,42.0,2063,
1625,5,University,2025-12-03,503,Stapler,5,5.25,26.25,2017,
1846,4,Mall,2025-05-09,501,Notebook,2,3.5,7.0,2092,DISC5
1882,3,Airport,2025-12-20,509,Glue,9,1.8,16.2,2074,DISC5
1387,3,Airport,2025-10-22,510,Eraser,10,0.5,5.0,2042,DISC5
1982,3,Airport,2025-06-13,503,Stapler,5,5.25,26.25,2022,DISC10
1510,1,Downtown,2025-07-25,509,Glue,9,1.8,16.2,2036,DISC10
1268,5,University,2025-08-19,503,Stapler,7,5.25,36.75,2029,
1827,1,Downtown,2025-03-29,501,Notebook,6,3.5,21.0,2042,
1442,5,University,2025-02-28,504,Folder,10,1.2,12.0,2024,
1497,1,Downtown,2025-02-22,506,Highlighter,6,0.9,5.4,2018,WELCOME
1113,5,University,2025-03-03,501,Notebook,6,3.5,21.0,2085,SAVE20
1692,2,Suburb,2025-01-29,505,Marker,3,1.75,5.25,2088,SAVE20
1233,4,Mall,2025-03-08,509,Glue,4,1.8,7.2,2086,
1877,5,University,2025-10-01,508,Tape,6,2.25,13.5,2071,SAVE20
1608,2,Suburb,2025-01-15,504,Folder,4,1.2,4.8,2032,DISC10
1672,5,University,2025-10-13,501,Notebook,2,3.5,7.0,2080,
1374,5,University,2025-03-09,507,Scissors,8,4.5,36.0,2072,WELCOME
1991,3,Airport,2025-03-29,506,Highlighter,10,0.9,9.0,2066,DISC10
1850,2,Suburb,2025-06-02,506,Highlighter,1,0.9,0.9,2028,DISC10
1234,1,Downtown,2025-07-01,507,Scissors,1,4.5,4.5,2059,DISC10
1894,2,Suburb,2025-08-11,503,Stapler,8,5.25,42.0,2063,WELCOME
1677,3,Airport,2025-09-25,502,Pen,1,0.8,0.8,2064,DISC5
1318,2,Suburb,2025-08-26,506,Highlighter,10,0.9,9.0,2092,SAVE20
1649,1,Downtown,2025-05-25,502,Pen,8,0.8,6.4,2026,
1411,1,Downtown,2025-07-30,501,Notebook,9,3.5,31.5,2069,SAVE20
1906,1,Downtown,2025-05-19,508,Tape,1,2.25,2.25,2085,SAVE20
1710,5,University,2025-05-12,505,Marker,1,1.75,1.75,2099,SAVE20
1359,4,Mall,2025-09-16,505,Marker,4,1.75,7.0,2043,DISC5
1259,3,Airport,2025-02-09,502,Pen,9,0.8,7.2,2095,
1745,3,Airport,2025-05-16,504,Folder,1,1.2,1.2,2067,
1628,1,Downtown,2025-08-26,508,Tape,1,2.25,2.25,2075,
1633,1,Downtown,2025-11-21,501,Notebook,8,3.5,28.0,2098,
1283,4,Mall,2025-12-17,508,Tape,3,2.25,6.75,2009,
1377,1,Downtown,2025-10-05,502,Pen,8,0.8,6.4,,WELCOME
1385,1,Downtown,2025-12-11,504,Folder,1,1.2,1.2,2030,
1225,4,Mall,2025-07-12,508,Tape,6,2.25,13.5,2040,
1963,3,Airport,2025-02-28,506,Highlighter,7,0.9,6.3,2079,DISC10
1918,4,Mall,2025-03-11,503,Stapler,10,5.25,52.5,2041,DISC10
1473,4,Mall,2025-10-17,509,Glue,9,1.8,16.2,2015,SAVE20
1348,2,Suburb,2025-06-26,505,Marker,1,1.75,1.75,2092,DISC10
1506,3,Airport,2025-01-07,506,Highlighter,3,0.9,2.7,2073,WELCOME
1640,5,University,2025-09-24,509,Glue,6,1.8,10.8,2088,DISC5
1997,5,University,2025-06-16,502,Pen,8,0.8,6.4,2052,DISC10
1798,4,Mall,2025-12-06,510,Eraser,1,0.5,0.5,2070,DISC10
1936,4,Mall,2025-03-11,507,Scissors,6,4.5,27.0,2023,WELCOME
1913,4,Mall,2025-05-12,501,Notebook,9,3.5,31.5,2029,DISC5
1620,3,Airport,2025-06-16,505,Marker,5,1.75,8.75,2067,
1909,5,University,2025-11-02,502,Pen,3,0.8,2.4,2059,
1811,3,Airport,2025-09-07,505,Marker,9,1.75,15.75,2007,WELCOME
1646,3,Airport,2025-10-08,508,Tape,3,2.25,6.75,2088,
1854,4,Mall,2025-03-22,502,Pen,10,0.8,8.0,2098,
1557,5,University,2025-05-17,501,Notebook,4,3.5,14.0,2050,SAVE20
1967,5,University,2025-06-11,509,Glue,1,1.8,1.8,2088,SAVE20
1578,1,Downtown,2025-03-24,509,Glue,2,1.8,3.6,2079,WELCOME
1796,3,Airport,2025-05-04,504,Folder,4,1.2,4.8,2032,
1086,1,Downtown,2025-06-21,504,Folder,5,1.2,6.0,2026,DISC5
1243,4,Mall,2025-10-24,510,Eraser,10,0.5,5.0,2081,SAVE20
1699,3,Airport,2025-04-10,508,Tape,3,2.25,6.75,2010,DISC5
1160,1,Downtown,2025-03-11,505,Marker,7,1.75,12.25,2065,SAVE20
1525,3,Airport,2025-08-27,505,Marker,6,1.75,10.5,2059,DISC10
1036,5,University,2025-09-01,503,Stapler,5,5.25,26.25,2078,WELCOME
1541,2,Suburb,2025-02-16,506,Highlighter,7,0.9,6.3,2087,SAVE20
1171,2,Suburb,2025-05-28,502,Pen,7,0.8,5.6,2098,
1655,1,Downtown,2025-03-31,505,Marker,6,1.75,10.5,2041,WELCOME
1937,2,Suburb,2025-10-30,508,Tape,2,2.25,4.5,2089,
1865,3,Airport,2025-05-25,507,Scissors,6,4.5,27.0,2067,
1855,1,Downtown,2025-01-31,506,Highlighter,3,0.9,2.7,2014,DISC5
1952,3,Airport,2025-10-24,501,Notebook,2,3.5,7.0,2042,SAVE20
1734,4,Mall,2025-11-25,505,Marker,6,1.75,10.5,2094,SAVE20
1096,2,Suburb,2025-03-19,507,Scissors,3,4.5,13.5,2009,WELCOME
1564,5,University,2025-02-26,506,Highlighter,2,0.9,1.8,2085,WELCOME
1241,2,Suburb,2025-03-17,502,Pen,3,0.8,2.4,2023,
1743,2,Suburb,2025-03-23,510,Eraser,10,0.5,5.0,2019,
1575,4,Mall,2025-10-07,502,Pen,8,0.8,6.4,2074,
1691,5,University,2025-01-07,502,Pen,1,0.8,0.8,2007,
1461,5,University,2025-02-22,503,Stapler,6,5.25,31.5,2059,DISC10
1554,4,Mall,2025-06-14,505,Marker,3,1.75,5.25,,
1886,5,University,2025-09-07,502,Pen,10,0.8,8.0,2005,
1207,5,University,2025-12-04,505,Marker,8,1.75,14.0,2004,DISC10
1393,2,Suburb,2025-09-29,507,Scissors,4,4.5,18.0,2043,
1795,3,Airport,2025-10-21,503,Stapler,4,5.25,21.0,2026,DISC5
1398,5,University,2025-05-05,504,Folder,7,1.2,8.4,2071,SAVE20
1767,3,Airport,2025-07-15,510,Eraser,10,0.5,5.0,2018,SAVE20
1856,2,Suburb,2025-09-07,506,Highlighter,9,0.9,8.1,2097,SAVE20
1218,3,Airport,2025-01-27,510,Eraser,5,0.5,2.5,2074,
1005,1,Downtown,2025-10-03,504,Folder,3,1.2,3.6,2004.0,DISC10
1769,2,Suburb,2025-05-12,501,Notebook,1,3.5,3.5,2016,
1643,1,Downtown,2025-03-28,506,Highlighter,1,0.9,0.9,2082,SAVE20
1905,2,Suburb,2025-05-11,501,Notebook,5,3.5,17.5,2090,
1613,2,Suburb,2025-10-20,504,Folder,4,1.2,4.8,2035,
1739,3,Airport,2025-10-10,509,Glue,9,1.8,16.2,2100,DISC5
1547,4,Mall,2025-01-22,501,Notebook,3,3.5,10.5,2056,
1726,3,Airport,2025-04-18,504,Folder,7,1.2,8.4,2066,DISC5
1684,3,Airport,2025-11-07,509,Glue,7,1.8,12.6,2078,
1099,4,Mall,2025-07-14,501,Notebook,6,3.5,21.0,2050,
1805,2,Suburb,2025-05-13,509,Glue,5,1.8,9.0,2061,
1728,5,University,2025-04-03,501,Notebook,9,3.5,31.5,2071,DISC10
1574,4,Mall,2025-08-13,503,Stapler,7,5.25,36.75,2049,SAVE20
1407,5,University,2025-01-31,501,Notebook,2,3.5,7.0,2086,DISC10
1503,3,Airport,2025-11-08,501,Notebook,5,3.5,17.5,2078,
1048,4,Mall,2025-07-28,508,Tape,4,2.25,9.0,2008,DISC5
1033,5,University,2025-03-24,509,Glue,1,1.8,1.8,2063,DISC10
1780,4,Mall,2025-03-31,508,Tape,1,2.25,2.25,2085,
1840,3,Airport,2025-08-20,510,Eraser,8,0.5,4.0,2003,DISC5
1201,2,Suburb,2025-10-28,504,Folder,6,1.2,7.2,2077,DISC10
1135,4,Mall,2025-09-25,508,Tape,8,2.25,18.0,2076,WELCOME
1028,4,Mall,2025-12-15,510,Eraser,2,0.5,1.0,2077,WELCOME
1888,4,Mall,2025-08-11,502,Pen,4,0.8,3.2,2078,DISC10
1231,2,Suburb,2025-01-04,505,Marker,4,1.75,7.0,2098,SAVE20
1490,2,Suburb,2025-03-05,508,Tape,8,2.25,18.0,,WELCOME
1773,4,Mall,2025-10-13,503,Stapler,6,5.25,31.5,2062,SAVE20
1379,4,Mall,2025-07-13,502,Pen,9,0.8,7.2,2045,DISC10
1289,3,Airport,2025-09-23,502,Pen,7,0.8,5.6,2078,
1419,3,Airport,2025-12-17,509,Glue,10,1.8,18.0,2023,
1675,4,Mall,2025-11-04,506,Highlighter,8,0.9,7.2,2098,
1392,2,Suburb,2025-12-29,508,Tape,1,2.25,2.25,2054,
1593,2,Suburb,2025-04-09,501,Notebook,7,3.5,24.5,2088,WELCOME
1499,4,Mall,2025-03-26,506,Highlighter,4,0.9,3.6,2020,WELCOME
1139,1,Downtown,2025-05-30,504,Folder,5,1.2,6.0,2090,
1063,3,Airport,2025-04-15,509,Glue,8,1.8,14.4,2007,DISC10
1472,3,Airport,2025-01-17,504,Folder,9,1.2,10.8,2100,WELCOME
1648,2,Suburb,2025-11-07,507,Scissors,2,4.5,9.0,2080,DISC10
1129,1,Downtown,2025-06-04,509,Glue,3,1.8,5.4,2007,
1986,5,University,2025-04-12,502,Pen,8,0.8,6.4,2012,
1521,2,Suburb,2025-01-07,501,Notebook,8,3.5,28.0,2020,DISC5
1839,2,Suburb,2025-02-05,503,Stapler,5,5.25,26.25,2059,
1972,3,Airport,2025-02-27,501,Notebook,4,3.5,14.0,2057,
1065,3,Airport,2025-03-08,503,Stapler,8,5.25,42.0,2055,
1813,1,Downtown,2025-11-19,508,Tape,6,2.25,13.5,2047,
1015,2,Suburb,2025-01-04,507,Scissors,6,4.5,27.0,2028,
1157,4,Mall,2025-02-28,502,Pen,3,0.8,2.4,2092,SAVE20
1041,2,Suburb,2025-09-21,505,Marker,8,1.75,14.0,2017,
1493,4,Mall,2025-01-27,505,Marker,4,1.75,7.0,2012,
1380,5,University,2025-04-02,507,Scissors,9,4.5,40.5,2029,
1188,4,Mall,2025-04-26,509,Glue,6,1.8,10.8,2051,DISC10
1764,5,University,2025-01-20,509,Glue,2,1.8,3.6,2085,DISC5
1217,1,Downtown,2025-12-10,507,Scissors,6,4.5,27.0,2097,WELCOME
1792,2,Suburb,2025-11-21,504,Folder,6,1.2,7.2,2046,
1053,1,Downtown,2025-04-06,510,Eraser,2,0.5,1.0,2031,WELCOME
1879,4,Mall,2025-04-20,509,Glue,5,1.8,9.0,2058,WELCOME
1338,5,University,2025-10-24,504,Folder,1,1.2,1.2,2022,
1749,1,Downtown,2025-12-01,509,Glue,5,1.8,9.0,2029,
1720,3,Airport,2025-02-07,509,Glue,2,1.8,3.6,2088,SAVE20
1725,5,University,2025-10-21,507,Scissors,9,4.5,40.5,2011,SAVE20
1296,4,Mall,2025-07-05,510,Eraser,1,0.5,0.5,2087,WELCOME
1702,4,Mall,2025-06-19,503,Stapler,1,5.25,5.25,2042,
1252,3,Airport,2025-07-29,510,Eraser,1,0.5,0.5,2083,SAVE20
1727,2,Suburb,2025-03-24,504,Folder,10,1.2,12.0,2025,DISC10
1462,4,Mall,2025-05-15,509,Glue,6,1.8,10.8,2079,WELCOME
1456,3,Airport,2025-01-12,502,Pen,3,0.8,2.4,2095,DISC5
1909,5,University,2025-11-02,502,Pen,3,0.8,2.4,2059,
1816,3,Airport,2025-03-31,506,Highlighter,6,0.9,5.4,2063,
1863,2,Suburb,2025-11-14,506,Highlighter,2,0.9,1.8,2069,
1270,4,Mall,2025-05-01,502,Pen,6,0.8,4.8,2041,DISC10
1202,2,Suburb,2025-05-22,503,Stapler,9,5.25,47.25,2023,DISC10
1162,4,Mall,2025-03-18,509,Glue,8,1.8,14.4,2071,
1556,5,University,2025-07-03,504,Folder,3,1.2,3.6,2085,DISC5
1730,3,Airport,2025-06-19,503,Stapler,4,5.25,21.0,2080,DISC10
1402,2,Suburb,2025-04-24,501,Notebook,5,3.5,17.5,2075,
1703,5,University,2025-01-27,505,Marker,8,1.75,14.0,2071,SAVE20
1477,2,Suburb,2025-05-02,510,Eraser,6,0.5,3.0,2079,
1822,2,Suburb,2025-01-12,504,Folder,5,1.2,6.0,2090,
1772,5,University,2025-07-07,505,Marker,7,1.75,12.25,2053,
1106,4,Mall,2025-02-11,501,Notebook,9,3.5,31.5,2045,DISC5
1566,4,Mall,2025-08-12,506,Highlighter,3,0.9,2.7,2072,
1390,4,Mall,2025-11-26,509,Glue,6,1.8,10.8,2053,DISC5
1002,1,Downtown,2025-10-01,502,Pen,5,0.8,4.0,2002.0,DISC10
1945,5,University,2025-01-03,508,Tape,4,2.25,9.0,2085,WELCOME
1992,1,Downtown,2025-07-27,506,Highlighter,9,0.9,8.1,2039,
1562,3,Airport,2025-01-01,510,Eraser,4,0.5,2.0,2044,
1081,4,Mall,2025-06-17,505,Marker,9,1.75,15.75,2054,
1206,1,Downtown,2025-10-31,508,Tape,9,2.25,20.25,2079,DISC10
1035,4,Mall,2025-02-13,502,Pen,9,0.8,7.2,2017,
1776,5,University,2025-06-23,510,Eraser,1,0.5,0.5,2082,DISC10
1509,5,University,2025-07-23,505,Marker,9,1.75,15.75,2055,
1428,2,Suburb,2025-12-31,507,Scissors,6,4.5,27.0,2012,DISC10
1455,4,Mall,2025-12-23,506,Highlighter,2,0.9,1.8,2091,DISC10
1367,1,Downtown,2025-06-09,505,Marker,6,1.75,10.5,2029,DISC5
1092,4,Mall,2025-06-12,510,Eraser,9,0.5,4.5,2071,WELCOME
1340,1,Downtown,2025-10-21,504,Folder,1,1.2,1.2,2054,DISC5
1898,3,Airport,2025-06-14,510,Eraser,1,0.5,0.5,2022,SAVE20
1565,1,Downtown,2025-10-28,506,Highlighter,5,0.9,4.5,2021,
1346,4,Mall,2025-12-20,506,Highlighter,8,0.9,7.2,2093,SAVE20
1777,2,Suburb,2025-02-16,508,Tape,10,2.25,22.5,2009,SAVE20
1242,1,Downtown,2025-03-20,503,Stapler,8,5.25,42.0,2073,
1014,5,University,2025-11-29,507,Scissors,4,4.5,18.0,2036,
1316,3,Airport,2025-05-29,508,Tape,4,2.25,9.0,2088,WELCOME
1601,4,Mall,2025-11-08,501,Notebook,7,3.5,24.5,2043,
1388,2,Suburb,2025-06-04,509,Glue,4,1.8,7.2,2036,DISC10
1274,1,Downtown,2025-08-05,505,Marker,4,1.75,7.0,2007,DISC5
1167,4,Mall,2025-09-27,501,Notebook,3,3.5,10.5,2084,DISC5
1841,5,University,2025-01-26,501,Notebook,3,3.5,10.5,2037,SAVE20
1468,2,Suburb,2025-03-13,506,Highlighter,8,0.9,7.2,2046,DISC10
1647,3,Airport,2025-01-05,507,Scissors,2,4.5,9.0,2035,
1819,3,Airport,2025-03-24,504,Folder,6,1.2,7.2,2038,
1485,5,University,2025-07-26,505,Marker,6,1.75,10.5,2063,SAVE20
1990,1,Downtown,2025-09-07,502,Pen,8,0.8,6.4,2062,WELCOME
1505,1,Downtown,2025-07-17,504,Folder,8,1.2,9.6,2010,
1832,3,Airport,2025-03-21,501,Notebook,1,3.5,3.5,2098,
1244,4,Mall,2025-03-19,502,Pen,8,0.8,6.4,2039,
1567,3,Airport,2025-11-11,504,Folder,10,1.2,12.0,2049,SAVE20
1876,2,Suburb,2025-03-27,509,Glue,7,1.8,12.6,2085,DISC5
1563,3,Airport,2025-04-01,501,Notebook,1,3.5,3.5,2091,DISC5
1962,3,Airport,2025-02-04,505,Marker,9,1.75,15.75,2099,DISC10
1687,5,University,2025-06-03,506,Highlighter,9,0.9,8.1,2026,DISC5
1958,5,University,2025-09-12,508,Tape,8,2.25,18.0,2079,DISC5
1190,5,University,2025-05-15,507,Scissors,6,4.5,27.0,2030,WELCOME
1783,1,Downtown,2025-12-02,503,Stapler,2,5.25,10.5,2100,WELCOME
1700,5,University,2025-03-30,502,Pen,7,0.8,5.6,,SAVE20
1476,3,Airport,2025-05-15,502,Pen,8,0.8,6.4,2016,
1682,5,University,2025-01-25,507,Scissors,10,4.5,45.0,2066,
1511,1,Downtown,2025-06-08,509,Glue,4,1.8,7.2,2020,
1059,1,Downtown,2025-06-28,504,Folder,6,1.2,7.2,2057,
1475,4,Mall,2025-04-22,502,Pen,4,0.8,3.2,2005,WELCOME
1561,1,Downtown,2025-02-16,504,Folder,10,1.2,12.0,2068,WELCOME
1857,2,Suburb,2025-08-13,501,Notebook,7,3.5,24.5,2018,SAVE20
1748,5,University,2025-10-06,503,Stapler,7,5.25,36.75,2047,
1253,3,Airport,2025-02-03,502,Pen,9,0.8,7.2,2037,SAVE20
1022,4,Mall,2025-08-25,505,Marker,9,1.75,15.75,2042,
1314,1,Downtown,2025-01-15,501,Notebook,10,3.5,35.0,2027,
1460,2,Suburb,2025-12-27,504,Folder,5,1.2,6.0,2009,
1161,3,Airport,2025-01-02,505,Marker,10,1.75,17.5,2085,WELCOME
1277,1,Downtown,2025-08-08,510,Eraser,6,0.5,3.0,2054,DISC5
1956,4,Mall,2025-02-14,510,Eraser,5,0.5,2.5,2041,SAVE20
1192,4,Mall,2025-02-02,505,Marker,7,1.75,12.25,2006,DISC10
1386,1,Downtown,2025-04-22,503,Stapler,9,5.25,47.25,2030,
1806,3,Airport,2025-06-25,503,Stapler,8,5.25,42.0,2054,
1414,1,Downtown,2025-07-23,506,Highlighter,7,0.9,6.3,2032,
1492,3,Airport,2025-12-02,505,Marker,2,1.75,3.5,2084,DISC5
1344,3,Airport,2025-10-07,505,Marker,10,1.75,17.5,2032,SAVE20
1770,4,Mall,2025-01-04,504,Folder,6,1.2,7.2,2014,DISC5
1309,1,Downtown,2025-09-15,502,Pen,9,0.8,7.2,2022,DISC5
1662,2,Suburb,2025-01-15,508,Tape,8,2.25,18.0,2053,WELCOME
1131,4,Mall,2025-08-29,508,Tape,6,2.25,13.5,2007,SAVE20
1664,5,University,2025-12-14,510,Eraser,10,0.5,5.0,2086,
1872,1,Downtown,2025-06-05,504,Folder,9,1.2,10.8,2093,DISC5
1100,5,University,2025-08-03,509,Glue,10,1.8,18.0,2063,DISC5
1373,4,Mall,2025-10-26,502,Pen,9,0.8,7.2,2008,WELCOME
1088,4,Mall,2025-08-22,510,Eraser,4,0.5,2.0,2050,WELCOME
1459,5,University,2025-01-15,504,Folder,8,1.2,9.6,2050,DISC10
1331,4,Mall,2025-09-18,509,Glue,1,1.8,1.8,,DISC5
1215,1,Downtown,2025-02-16,502,Pen,7,0.8,5.6,2095,SAVE20
1467,4,Mall,2025-04-06,509,Glue,3,1.8,5.4,2063,SAVE20
1122,2,Suburb,2025-10-12,508,Tape,8,2.25,18.0,2003,DISC10
1615,5,University,2025-03-30,501,Notebook,4,3.5,14.0,2040,
1021,1,Downtown,2025-05-17,510,Eraser,3,0.5,1.5,2032,DISC5
1701,3,Airport,2025-10-12,503,Stapler,3,5.25,15.75,2033,DISC10
1072,4,Mall,2025-01-20,504,Folder,4,1.2,4.8,2059,SAVE20
1107,1,Downtown,2025-11-29,501,Notebook,1,3.5,3.5,2026,
1271,3,Airport,2025-11-29,503,Stapler,3,5.25,15.75,,
1861,3,Airport,2025-06-01,509,Glue,6,1.8,10.8,2100,
1436,2,Suburb,2025-05-09,508,Tape,10,2.25,22.5,2059,DISC10
1103,5,University,2025-07-21,510,Eraser,1,0.5,0.5,2055,DISC5
